{
  "name": "angular-cookies",
  "version": "1.2.29",
  "main": "./angular-cookies.js",
  "ignore": [],
  "dependencies": {
    "angular": "1.2.29"
  },
  "homepage": "https://github.com/angular/bower-angular-cookies",
  "_release": "1.2.29",
  "_resolution": {
    "type": "version",
    "tag": "v1.2.29",
    "commit": "9ca4a0f7ee3adee15b77646cc0d194d4379a3a2c"
  },
  "_source": "git://github.com/angular/bower-angular-cookies.git",
  "_target": "~1.2.21",
  "_originalSource": "angular-cookies"
}